<!DOCTYPE mapper PUBLIC "-//mybatis.org//DTD Mapper 3.0//EN" "http://mybatis.org/dtd/mybatis-3-mapper.dtd">
<mapper namespace="mapper.MemberMapper">
	<select id="check" parameterType="String" resultType="Member">
		SELECT * FROM mem_info WHERE id = #{id}
	</select>
	
	<select id="login" parameterType="Member" resultType="Member">
		SELECT * FROM mem_info WHERE id = #{id} AND password = #{password}
	</select>

	<update id="update" parameterType="Member">
		UPDATE mem_info
		SET
		id=#{id}, password=#{password}
		WHERE mem_code = #{mem_code}
	</update>

	<delete id="delete" parameterType="int">
		DELETE FROM mem_info
		WHERE mem_code =
		#{mem_code}
	</delete>
</mapper>